[
  {
    "id": "blog1",
    "title": "Top 10 AI Tools for Students in 2025",
    "slug": "top-ai-tools-for-students-2025",
    "excerpt": "Discover the best AI tools that can help students with research, writing, studying, and more. From AI writing assistants to study aids, these tools are transforming education.",
    "authorId": "admin",
    "featuredImage": "/images/blog/students-ai-tools.jpg",
    "categoryIds": ["education", "productivity"],
    "toolIds": ["chatgpt", "notion", "copy-ai"],
    "publishedAt": "2025-03-15T00:00:00Z",
    "createdAt": "2025-03-10T00:00:00Z",
    "updatedAt": "2025-03-15T00:00:00Z",
    "isFeatured": true,
    "tags": ["students", "education", "productivity", "writing", "research"],
    "seo": {
      "metaTitle": "Top 10 AI Tools for Students in 2025 | AI Directorate",
      "metaDescription": "Discover the best AI tools that can help students with research, writing, studying, and more in 2025. Boost your academic performance with these AI assistants.",
      "keywords": ["AI tools for students", "student AI assistants", "education AI", "study tools", "AI writing help"]
    }
  },
  {
    "id": "blog2",
    "title": "AI Image Generators Compared: DALL-E vs Midjourney vs Stable Diffusion",
    "slug": "ai-image-generators-compared-dall-e-midjourney-stable-diffusion",
    "excerpt": "A comprehensive comparison of the top AI image generators in 2025. We analyze features, quality, pricing, and use cases to help you choose the right tool for your needs.",
    "authorId": "admin",
    "featuredImage": "/images/blog/ai-image-comparison.jpg",
    "categoryIds": ["image-generation"],
    "toolIds": ["dall-e", "midjourney"],
    "publishedAt": "2025-02-20T00:00:00Z",
    "createdAt": "2025-02-15T00:00:00Z",
    "updatedAt": "2025-02-20T00:00:00Z",
    "isFeatured": true,
    "tags": ["image generation", "AI art", "DALL-E", "Midjourney", "Stable Diffusion", "comparison"],
    "seo": {
      "metaTitle": "AI Image Generators Compared (2025): DALL-E vs Midjourney vs Stable Diffusion",
      "metaDescription": "Compare the top AI image generators of 2025. In-depth analysis of DALL-E, Midjourney, and Stable Diffusion with quality samples, pricing, and feature comparison.",
      "keywords": ["AI image generators", "DALL-E vs Midjourney", "Stable Diffusion comparison", "best AI art tool", "AI image generation comparison"]
    }
  },
  {
    "id": "blog3",
    "title": "How to Use AI Tools to Boost Your Freelance Business",
    "slug": "how-to-use-ai-tools-boost-freelance-business",
    "excerpt": "Learn how freelancers can leverage AI tools to increase productivity, improve client deliverables, and scale their business without hiring additional help.",
    "authorId": "admin",
    "featuredImage": "/images/blog/freelance-ai-tools.jpg",
    "categoryIds": ["productivity", "writing", "marketing"],
    "toolIds": ["chatgpt", "copy-ai", "notion"],
    "publishedAt": "2025-01-25T00:00:00Z",
    "createdAt": "2025-01-20T00:00:00Z",
    "updatedAt": "2025-01-25T00:00:00Z",
    "isFeatured": false,
    "tags": ["freelancing", "productivity", "business", "writing", "marketing"],
    "seo": {
      "metaTitle": "How to Use AI Tools to Boost Your Freelance Business in 2025",
      "metaDescription": "Discover how freelancers can leverage AI tools to increase productivity, improve deliverables, and scale their business without hiring additional help.",
      "keywords": ["AI for freelancers", "freelance business tools", "AI productivity", "scale freelance business", "AI writing tools"]
    }
  }
]
